{
	"info": {
		"_postman_id": "9694a054-310d-4e87-8af3-57c2a3aac8cc",
		"name": "Books Details",
		"schema": "https://schema.getpostman.com/json/collection/v2.1.0/collection.json"
	},
	"item": [
		{
			"name": "Add Book",
			"request": {
				"method": "POST",
				"header": [],
				"body": {
					"mode": "raw",
					"raw": "{\r\n    \"title\":\"PHP Programmings\",\r\n    \"author\":\"Harish B\",\r\n    \"publishedDate\":\"24/10/2024\",\r\n    \"pages\":244\r\n}",
					"options": {
						"raw": {
							"language": "json"
						}
					}
				},
				"url": {
					"raw": "http://localhost:3000/books",
					"protocol": "http",
					"host": [
						"localhost"
					],
					"port": "3000",
					"path": [
						"books"
					]
				}
			},
			"response": []
		},
		{
			"name": "Update Book",
			"request": {
				"method": "PUT",
				"header": [],
				"body": {
					"mode": "raw",
					"raw": "{\r\n    \"author\":\"Bala\",\r\n    \"publishedDate\":\"24/10/20023\",\r\n    \"pages\":\"355\"\r\n}",
					"options": {
						"raw": {
							"language": "json"
						}
					}
				},
				"url": {
					"raw": "http://localhost:3000/books/670f3e4f60ce2d7ab08ed8ab",
					"protocol": "http",
					"host": [
						"localhost"
					],
					"port": "3000",
					"path": [
						"books",
						"670f3e4f60ce2d7ab08ed8ab"
					]
				}
			},
			"response": []
		},
		{
			"name": "Delete Book",
			"request": {
				"method": "DELETE",
				"header": [],
				"url": {
					"raw": "http://localhost:3000/books/670f3e4f60ce2d7ab08ed8ab",
					"protocol": "http",
					"host": [
						"localhost"
					],
					"port": "3000",
					"path": [
						"books",
						"670f3e4f60ce2d7ab08ed8ab"
					]
				}
			},
			"response": []
		},
		{
			"name": "Get Single Book",
			"request": {
				"method": "GET",
				"header": [],
				"url": {
					"raw": "http://localhost:3000/books/670f3e4460ce2d7ab08ed8a7",
					"protocol": "http",
					"host": [
						"localhost"
					],
					"port": "3000",
					"path": [
						"books",
						"670f3e4460ce2d7ab08ed8a7"
					]
				}
			},
			"response": []
		},
		{
			"name": "Get All Books",
			"request": {
				"method": "GET",
				"header": [],
				"url": {
					"raw": "http://localhost:3000/books",
					"protocol": "http",
					"host": [
						"localhost"
					],
					"port": "3000",
					"path": [
						"books"
					]
				}
			},
			"response": []
		}
	]
}